
-- the password hash is generated by BCrypt Calculator Generator(https://www.dailycred.com/article/bcrypt-calculator) "All password are admin"

INSERT INTO permission (id, name) VALUES (1, 'whoami');
INSERT INTO permission (id, name) VALUES (2, 'getUserById');
INSERT INTO permission (id, name) VALUES (3, 'getAllUser');
INSERT INTO permission (id, name) VALUES (4, 'saveUser');
INSERT INTO permission (id, name) VALUES (5, 'updateUser');
INSERT INTO permission (id, name) VALUES (6, 'deleteUser');

INSERT INTO permission (id, name) VALUES (7, 'getMyRole');
INSERT INTO permission (id, name) VALUES (8, 'getRoleById');
INSERT INTO permission (id, name) VALUES (9, 'getAllRole');
INSERT INTO permission (id, name) VALUES (10, 'saveRole');
INSERT INTO permission (id, name) VALUES (11, 'updateRole');
INSERT INTO permission (id, name) VALUES (12, 'deleteRole');

INSERT INTO permission (id, name) VALUES (13, 'getMyPermission');
INSERT INTO permission (id, name) VALUES (14, 'getPermissionById');
INSERT INTO permission (id, name) VALUES (15, 'getAllPermission');
INSERT INTO permission (id, name) VALUES (16, 'savePermission');
INSERT INTO permission (id, name) VALUES (17, 'updatePermission');
INSERT INTO permission (id, name) VALUES (18, 'deletePermission');
INSERT INTO permission (id,name) VALUES (19,'production');
INSERT INTO permission (id,name) VALUES (20,'quality');

INSERT INTO role (id, name) VALUES (1,'ADMIN');
INSERT INTO role (id, name) VALUES (2,'OP');
INSERT INTO role (id, name) VALUES (3,'TS');
INSERT INTO role (id, name) VALUES (4,'QA');
INSERT INTO role (id, name) VALUES (5,'MNG');


INSERT INTO role_permissions (role_id, permission_id) VALUES (1, 1);
INSERT INTO role_permissions (role_id, permission_id) VALUES (1, 2);
INSERT INTO role_permissions (role_id, permission_id) VALUES (1, 3);
INSERT INTO role_permissions (role_id, permission_id) VALUES (1, 4);
INSERT INTO role_permissions (role_id, permission_id) VALUES (1, 5);
INSERT INTO role_permissions (role_id, permission_id) VALUES (1, 6);
INSERT INTO role_permissions (role_id, permission_id) VALUES (1, 7);
INSERT INTO role_permissions (role_id, permission_id) VALUES (1, 8);
INSERT INTO role_permissions (role_id, permission_id) VALUES (1, 9);
INSERT INTO role_permissions (role_id, permission_id) VALUES (1, 10);
INSERT INTO role_permissions (role_id, permission_id) VALUES (1, 11);
INSERT INTO role_permissions (role_id, permission_id) VALUES (1, 12);
INSERT INTO role_permissions (role_id, permission_id) VALUES (1, 13);
INSERT INTO role_permissions (role_id, permission_id) VALUES (1, 14);
INSERT INTO role_permissions (role_id, permission_id) VALUES (1, 15);
INSERT INTO role_permissions (role_id, permission_id) VALUES (1, 16);
INSERT INTO role_permissions (role_id, permission_id) VALUES (1, 17);
INSERT INTO role_permissions (role_id, permission_id) VALUES (1, 18);

INSERT INTO role_permissions (role_id, permission_id) VALUES (2, 2);
INSERT INTO role_permissions (role_id, permission_id) VALUES (2, 3);
INSERT INTO role_permissions (role_id, permission_id) VALUES (2, 4);
INSERT INTO role_permissions (role_id, permission_id) VALUES (2, 5);
INSERT INTO role_permissions (role_id, permission_id) VALUES (3, 1);
INSERT INTO role_permissions (role_id, permission_id) VALUES (1, 19);
INSERT INTO role_permissions (role_id, permission_id) VALUES (1, 20);
INSERT INTO role_permissions (role_id, permission_id) VALUES (2, 19);
INSERT INTO role_permissions (role_id, permission_id) VALUES (1, 20);

INSERT INTO user (id, username, password, firstname, lastname,role_id) VALUES (1, 'admin', '$2a$10$7ihWb5A6myTg2/JdLhgsDeWQBfsEMLBBGAhPY6BfEq.Vdkcx0S1hW', 'Houssem', 'Ghorbel',1);
INSERT INTO user (id, username, password, firstname, lastname,role_id) VALUES (2, 'editor', '$2a$10$7ihWb5A6myTg2/JdLhgsDeWQBfsEMLBBGAhPY6BfEq.Vdkcx0S1hW', 'Ahmed', 'Hamed',2);
INSERT INTO user (id, username, password, firstname, lastname,role_id) VALUES (3, 'user1', '$2a$10$7ihWb5A6myTg2/JdLhgsDeWQBfsEMLBBGAhPY6BfEq.Vdkcx0S1hW', 'Ameur', 'Drira',3);
INSERT INTO user (id, username, password, firstname, lastname,role_id) VALUES (4, 'user2', '$2a$10$7ihWb5A6myTg2/JdLhgsDeWQBfsEMLBBGAhPY6BfEq.Vdkcx0S1hW', 'Mohamed Ali', 'Driss',4);
INSERT INTO user (id, username, password, firstname, lastname,role_id) VALUES (5, 'user3', '$2a$10$7ihWb5A6myTg2/JdLhgsDeWQBfsEMLBBGAhPY6BfEq.Vdkcx0S1hW', ' Hmadi lmaao', 'Driss',5);
INSERT INTO user (id, username, password, firstname, lastname,role_id) VALUES (6, 'user4', '$2a$10$7ihWb5A6myTg2/JdLhgsDeWQBfsEMLBBGAhPY6BfEq.Vdkcx0S1hW', 'imed ayedi', 'Driss',6);